<?xml version="1.0" encoding="UTF-8"?>

<mule xmlns:db="http://www.mulesoft.org/schema/mule/db" xmlns:batch="http://www.mulesoft.org/schema/mule/batch" xmlns="http://www.mulesoft.org/schema/mule/core" xmlns:doc="http://www.mulesoft.org/schema/mule/documentation"
	xmlns:spring="http://www.springframework.org/schema/beans" 
	xmlns:xsi="http://www.w3.org/2001/XMLSchema-instance"
	xsi:schemaLocation="http://www.springframework.org/schema/beans http://www.springframework.org/schema/beans/spring-beans-current.xsd
http://www.mulesoft.org/schema/mule/core http://www.mulesoft.org/schema/mule/core/current/mule.xsd
http://www.mulesoft.org/schema/mule/db http://www.mulesoft.org/schema/mule/db/current/mule-db.xsd
http://www.mulesoft.org/schema/mule/batch http://www.mulesoft.org/schema/mule/batch/current/mule-batch.xsd">
    <db:oracle-config name="Oracle_Configuration" host="localhost" port="1521" instance="xe" user="system" password="venu" doc:name="Oracle Configuration"/>
    <db:oracle-config name="Oracle_Configuration1" host="localhost" port="1521" instance="xe" user="system" password="venu" doc:name="Oracle Configuration"/>
    <batch:job name="batchprocessBatch">
        <batch:input>
            <poll doc:name="Poll">
                <fixed-frequency-scheduler frequency="10" timeUnit="SECONDS"/>
                <db:select config-ref="Oracle_Configuration" doc:name="Database">
                    <db:parameterized-query><![CDATA[select * from batch]]></db:parameterized-query>
                </db:select>
            </poll>
        </batch:input>
        <batch:process-records>
            <batch:step name="success">
                <db:insert config-ref="Oracle_Configuration1" doc:name="Database">
                    <db:parameterized-query><![CDATA[insert into successtable values (#[payload.batchid],#['success'])]]></db:parameterized-query>
                </db:insert>
            </batch:step>
            <batch:step name="failure" accept-policy="ONLY_FAILURES">
                <db:insert config-ref="Oracle_Configuration" doc:name="Database">
                    <db:parameterized-query><![CDATA[insert into failuretable values (#[payload.batchid],#['failed'])]]></db:parameterized-query>
                </db:insert>
            </batch:step>
        </batch:process-records>
        <batch:on-complete>
            <logger level="INFO" doc:name="Logger" message="total records: #[payload], success records : #[payload.successtable], failure records: #[payload.failuretable]"/>
        </batch:on-complete>
    </batch:job>
</mule>
